b_samples,e_samples
9.819702193817106206e+01,1.133309817977378842e+00
2.581891781906636538e+02,1.293855426320261071e+00
1.595242914122162574e+02,1.442825626144383699e+00
1.293832036368341107e+02,1.379501198884302671e+00
7.951060459622541998e+01,1.412952516537652414e+00
7.950893454901958535e+01,1.346452515019822771e+00
7.326243248130288066e+01,1.361524454033033571e+00
2.083757393017031347e+02,1.432138043204393751e+00
1.298351640648219245e+02,1.162350603986633590e+00
1.531244976003789304e+02,1.270241233639413325e+00
7.112241451755423327e+01,1.149544248818821002e+00
2.730083152775375197e+02,1.494450603598491245e+00
1.934802809395877432e+02,1.474826702858976102e+00
8.361137281941621779e+01,1.067742065115827588e+00
8.133851983842700406e+01,1.367508827632059720e+00
8.145313550097995403e+01,1.466361742837049675e+00
9.129470864523139539e+01,1.131258905307300111e+00
1.171182089432238200e+02,1.305575353748683387e+00
1.046584754736244349e+02,1.461969733914618708e+00
9.012206476675153510e+01,1.065275690363609584e+00
1.318483987257056924e+02,1.363839120261078008e+00
7.838265614007434579e+01,1.183807053317647906e+00
9.020357755340080530e+01,1.465978287919438738e+00
9.734084464054377861e+01,1.486976210324415515e+00
1.076349555763688670e+02,1.474919920101045223e+00
1.758653618102201790e+02,1.263396397495858636e+00
8.265275021885879880e+01,1.437919192945191105e+00
1.155585378637258884e+02,1.430047229340781545e+00
1.282484655682296477e+02,1.193595212959465135e+00
7.258489194416627299e+01,1.423011963367804888e+00
1.310332349439397035e+02,1.066653435621971679e+00
8.052781718431813829e+01,1.318321445316923857e+00
7.367435273935507212e+01,1.153503976779466367e+00
2.568608561141140285e+02,1.104255098599775442e+00
2.695603503281146800e+02,1.084628940733144198e+00
1.840997274560924097e+02,1.363329949145162923e+00
9.132863604543487668e+01,1.202943733695629902e+00
7.566601938863780674e+01,1.376145047187942616e+00
1.472378144961102748e+02,1.079410353359524066e+00
1.056524426926527696e+02,1.191880652023774800e+00
7.722541414060530940e+01,1.292771081568901748e+00
1.128369124784885855e+02,1.405825424177533645e+00
7.189549103553272857e+01,1.193438626319431428e+00
2.311342005060326130e+02,1.331651119396654037e+00
8.732512988756843697e+01,1.448689986706284127e+00
1.422572675739247359e+02,1.327138434682037182e+00
9.198163157500739828e+01,1.154831763639135200e+00
1.164180784135631797e+02,1.060980351700442137e+00
1.205119099739877981e+02,1.441544493255418447e+00
8.155863199109212758e+01,1.059571234882674240e+00
2.727430861087518679e+02,1.443615752707889666e+00
1.725278900934463024e+02,1.288021710312245327e+00
2.502525064466501021e+02,1.472580464330803363e+00
2.229542922831672058e+02,1.409452456098149398e+00
1.292442862953932377e+02,1.499070349740001973e+00
2.387206593065064908e+02,1.207820316953269524e+00
7.509474690054148027e+01,1.395234730019007108e+00
8.237751175744655541e+01,1.230868911124159082e+00
7.251438216617229671e+01,1.265944029136758964e+00
9.326120142102162447e+01,1.332377458448266605e+00
9.971310006905532930e+01,1.443154701383852379e+00
8.838766156237764449e+01,1.492837561139682911e+00
1.919730177732035656e+02,1.395723036239033155e+00
9.635381788786061463e+01,1.237995051975300242e+00
8.921551670570465831e+01,1.239610651024681598e+00
1.198767660860367954e+02,1.381912035715001208e+00
7.847902323693887183e+01,1.157449715595736173e+00
1.818265341474310333e+02,1.099713350909127696e+00
7.424341926639421274e+01,1.209579970938349458e+00
2.876081774160944065e+02,1.179257546244336874e+00
1.715914739840892196e+02,1.183338654205195573e+00
8.258112635013750946e+01,1.155123487972459451e+00
7.029761360279870530e+01,1.068941935336362947e+00
1.867598449625749595e+02,1.058043270630036226e+00
1.528130581827624326e+02,1.494475075381214157e+00
1.586961507920961481e+02,1.242497910181138199e+00
1.712778186178124145e+02,1.222946991221856905e+00
7.421288486401950024e+01,1.355841277211881524e+00
9.652825448677734244e+01,1.148214249539278864e+00
7.682455117832948588e+01,1.477482532777601332e+00
2.069246607602289032e+02,1.403855256486998382e+00
1.340641482191021510e+02,1.090234951040516709e+00
9.379461345650857140e+01,1.237911349103217873e+00
7.358568847237340549e+01,1.445603238402974000e+00
9.191415186485050981e+01,1.475129410031134736e+00
9.324719947208441795e+01,1.260330680062441422e+00
1.588615479384544074e+02,1.326035125144818583e+00
1.369311166218348035e+02,1.125165275741433879e+00
2.188843648864654483e+02,1.496025881761639420e+00
1.097232758428276753e+02,1.154252265622549567e+00
7.706610839245635702e+01,1.474229298360806517e+00
1.544643519369557225e+02,1.342340992046565873e+00
1.679738782906565859e+02,1.323481557695486588e+00
1.228743867971919599e+02,1.280709829957428880e+00
1.711804664982602731e+02,1.153801415272991404e+00
1.126446198998655888e+02,1.129437614402478696e+00
1.168149897468660754e+02,1.149218794081579009e+00
1.041327998611624821e+02,1.133897217964914494e+00
7.139127292475407671e+01,1.400813013105038918e+00
7.631230682142070521e+01,1.207556366625028632e+00
7.172834533822182834e+01,1.076029204453528454e+00
1.366959625255579738e+02,1.486096183563365036e+00
9.222737367609991566e+01,1.447703648233541696e+00
1.147360785064617943e+02,1.467488527437845747e+00
2.301124972956649231e+02,1.497708520190895953e+00
8.653984500064726149e+01,1.128252862148769298e+00
1.021341525986560441e+02,1.228308908506196451e+00
1.663719003748212799e+02,1.391207314066841061e+00
8.489087131090585103e+01,1.363209278124206447e+00
7.439036544514178217e+01,1.119253157852934777e+00
8.999080840445857632e+01,1.417124906245778027e+00
7.987247668950277557e+01,1.150998257326497409e+00
2.437056065223718520e+02,1.150717926670180358e+00
1.839969724889849658e+02,1.291638490302036146e+00
1.360833964650939834e+02,1.316822970678766413e+00
2.109194733737527940e+02,1.311038793527015134e+00
1.823622333899612613e+02,1.091169076828989670e+00
8.168381095530860136e+01,1.444857388183671265e+00
2.217261414276331664e+02,1.169520019164917768e+00
1.193512174489453059e+02,1.108281714577261878e+00
1.837450962600551350e+02,1.449936635941039720e+00
2.236445518314366723e+02,1.480043174203389045e+00
9.256842980128044474e+01,1.437957427769452678e+00
7.645035682269315203e+01,1.414282233626195096e+00
8.482281091471818968e+01,1.344858891287559866e+00
1.040813733153137406e+02,1.297885816774112744e+00
1.877403682883712293e+02,1.089144041960134590e+00
2.058178515413338232e+02,1.233803945881814412e+00
7.037509692598052879e+01,1.217709832655541335e+00
1.150507656198724078e+02,1.166889202692146910e+00
1.029434627864708460e+02,1.375539051159863302e+00
8.436608008261305258e+01,1.273144080785446830e+00
7.708374839268560663e+01,1.086470797158441526e+00
9.444632637964981825e+01,1.149082440877415179e+00
2.526140498871384068e+02,1.357466443646818233e+00
9.305898484340104915e+01,1.084258886770635089e+00
1.162287702553509519e+02,1.433043111321945950e+00
1.518376263100100516e+02,1.272815937156288379e+00
9.705812593512665387e+01,1.266263959796991578e+00
2.745452580352045970e+02,1.316583503096782959e+00
2.670494471604260411e+02,1.421106434666317142e+00
8.674457333159602967e+01,1.206514143555986962e+00
1.131265329328685425e+02,1.355107268651578600e+00
9.098866118570064998e+01,1.304579383798106118e+00
8.955732341128896223e+01,1.170162721576239573e+00
7.203721184467612204e+01,1.445383493859821122e+00
1.314141007426494809e+02,1.408841709723117619e+00
1.138928538825140180e+02,1.346303325596291511e+00
7.287620842422674627e+01,1.432761778092408900e+00
8.901650248506612684e+01,1.440282390431911086e+00
2.305188360730481634e+02,1.368763339521765765e+00
8.574901751503107050e+01,1.426655997763652373e+00
7.874778145282377295e+01,1.363862157751177584e+00
1.120443007412236938e+02,1.356063347292135290e+00
2.864923148248013263e+02,1.328375120196833015e+00
8.595028500654099446e+01,1.388722487800938543e+00
1.444203962893068365e+02,1.121372297381883154e+00
1.682321759145830526e+02,1.446391841639517839e+00
8.559432618086775335e+01,1.442329587485354336e+00
1.584783185710132329e+02,1.063161277365551660e+00
9.748856482916774269e+01,1.421617537754143346e+00
1.358610748113385682e+02,1.107991440363050417e+00
1.361089477759661008e+02,1.200803484416613998e+00
1.187972137395322250e+02,1.384578715331223453e+00
7.520591570757562749e+01,1.122341953221738686e+00
1.946599654434275806e+02,1.418085160853578053e+00
9.282974842786765635e+01,1.424460380080983857e+00
8.168004412190997243e+01,1.278360480192376247e+00
7.225888066731214110e+01,1.052873642272575072e+00
1.279749427954352399e+02,1.179167159928710795e+00
1.456712772984785715e+02,1.327617113269083937e+00
7.090168045871243407e+01,1.491533780112340501e+00
1.152461954644323896e+02,1.334316087157500830e+00
8.470953666672397731e+01,1.166911611478872013e+00
1.385130547795145617e+02,1.335302566394825252e+00
8.080163802861619615e+01,1.292993420872134980e+00
1.488471572518309927e+02,1.400930427818014579e+00
9.950207722473292904e+01,1.098141287472131244e+00
2.483675669390959229e+02,1.392462556125912521e+00
7.825012368090658299e+01,1.293569960404249652e+00
9.478470228300460576e+01,1.483346401736547637e+00
7.667001248957669191e+01,1.203842474717408795e+00
2.404934436342846880e+02,1.334679851910276716e+00
2.138232697058361111e+02,1.469412647479507950e+00
8.725516722679562065e+01,1.096129377595805643e+00
1.416968964621328553e+02,1.471752819256403111e+00
1.874349099579153233e+02,1.359548575035365969e+00
1.218777437010144240e+02,1.080526676597327373e+00
1.178581027537052393e+02,1.185433605126067436e+00
8.593386494566293266e+01,1.368677439890376712e+00
7.538057406455952503e+01,1.080307770660947408e+00
2.242622357031302442e+02,1.311976707079323123e+00
2.260401556176230713e+02,1.205647375628830620e+00
1.360221106111181655e+02,1.329411982995364783e+00
9.458473219395361298e+01,1.070583915215630899e+00
9.559280835539242105e+01,1.442191562768569302e+00
1.578588994775480785e+02,1.488070036129828688e+00
2.242041388587381334e+02,1.485995034878561105e+00
2.188181016203165541e+02,1.387343324284316060e+00
1.740880333774034341e+02,1.108538808058784353e+00
1.378561336601636071e+02,1.391218438168060123e+00
7.482688051557289555e+01,1.061064112406460813e+00
7.990095454594863611e+01,1.059955598188048853e+00
2.250019206193553032e+02,1.195624598617293532e+00
1.308237465707825038e+02,1.269889435682099554e+00
7.049708005110630893e+01,1.396683338013506859e+00
7.590501957657907894e+01,1.357482919472927430e+00
1.424746970536374420e+02,1.250656217869536846e+00
7.027269654500787510e+01,1.173131999826749761e+00
7.984361353104542047e+01,1.498706025070970060e+00
1.208346369826317783e+02,1.241781586006187821e+00
1.490798530254820662e+02,1.253124160948353882e+00
1.399543652532903195e+02,1.123630719536251155e+00
8.453491706443179510e+01,1.407664296937468196e+00
1.541864041682262894e+02,1.362157001601669970e+00
8.556316723484992792e+01,1.149346325754942111e+00
9.326780982703024847e+01,1.087071470527129158e+00
1.636699774244810612e+02,1.356224685933620888e+00
1.394566460228952280e+02,1.344530046426510861e+00
2.006140402447257145e+02,1.172966787149194223e+00
1.411773866791187686e+02,1.477888603012684765e+00
1.240482096657433289e+02,1.117976051301405205e+00
7.541618870861535129e+01,1.244550660469170955e+00
9.748155687754440635e+01,1.474627164075419383e+00
8.786483844736333992e+01,1.238877292616755055e+00
8.610708090441657703e+01,1.337336676448838579e+00
2.755631669758880093e+02,1.228917479083257547e+00
1.001968040209683863e+02,1.173396841056901563e+00
2.214505611991000364e+02,1.492789941581922797e+00
1.356255199927781803e+02,1.234200302841769403e+00
1.791909780480321785e+02,1.452344641655610502e+00
1.138868971935838488e+02,1.153479572650988771e+00
1.255139298332207431e+02,1.145897116811287475e+00
1.124673059017909225e+02,1.064010337298030073e+00
8.232255840389993296e+01,1.343250071419148206e+00
1.569084393087667024e+02,1.215836854675692580e+00
8.920138384408876675e+01,1.438961212427836589e+00
7.132974631636110985e+01,1.262944458011200810e+00
1.385760187529996017e+02,1.485687042561624871e+00
8.099834901201487014e+01,1.133486482066404566e+00
2.509124682856634081e+02,1.440880425580024937e+00
2.605574552900886260e+02,1.399468583756283913e+00
2.344242127343785569e+02,1.396914830089823312e+00
9.773647037993286801e+01,1.430152452652599493e+00
7.083945266209991587e+01,1.392460795924349570e+00
2.428118146349364110e+02,1.331799144734136853e+00
1.042092364049042175e+02,1.109060194957074419e+00
2.703767798614294975e+02,1.064636780771063496e+00
2.679685505445793297e+02,1.464381531517059187e+00
2.022968880326849046e+02,1.327492641534332218e+00
9.040939122777255932e+01,1.408441780939279298e+00
9.932481712635743065e+01,1.266685058180647472e+00
2.014609457542921405e+02,1.102788685033077476e+00
9.246704500802889015e+01,1.106333606491147759e+00
8.045463203485877557e+01,1.358504379253037131e+00
1.221386763961481847e+02,1.243637652704758345e+00
2.479795513479539864e+02,1.140236127015151535e+00
1.500931148043469534e+02,1.271217546033646562e+00
1.243442830947842168e+02,1.078894021683810323e+00
7.563495369866195972e+01,1.311887130861479456e+00
1.324517196682969882e+02,1.171047031995793963e+00
2.905061973924522931e+02,1.408901595286734754e+00
7.842238758533085274e+01,1.189662881515608284e+00
1.161606065590003993e+02,1.254849067086810654e+00
2.138401555050398883e+02,1.055229242958645397e+00
1.620080132058002675e+02,1.082601099507551456e+00
1.503367763162105746e+02,1.226622100383008229e+00
1.517026885645818766e+02,1.265972475622705540e+00
9.663301350855110172e+01,1.320009246653686574e+00
9.033273061759069833e+01,1.181248160419186455e+00
1.844581950335241913e+02,1.362741848756944041e+00
1.847389457792650092e+02,1.437055078735141933e+00
2.088027942535886439e+02,1.400932945002007379e+00
2.334509072201393280e+02,1.067828471406760737e+00
1.151371033430062880e+02,1.266228126266023102e+00
1.137279046164212417e+02,1.097218580288178646e+00
1.804246027477122709e+02,1.158920257138137400e+00
1.395271926472859718e+02,1.493998166970215813e+00
1.515724360199968146e+02,1.114122994305680958e+00
1.795367653478956811e+02,1.274499669053110296e+00
2.203596090009544923e+02,1.328170080443153545e+00
9.448346419773130833e+01,1.366109236744846855e+00
9.830727930872377840e+01,1.301841907569111445e+00
7.543532816284550790e+01,1.054396881338632630e+00
1.257518406354510603e+02,1.196907588709796411e+00
7.198356051124908106e+01,1.282970239523120171e+00
1.088576676384054451e+02,1.089539924615175126e+00
1.198686691344203581e+02,1.207782119044131353e+00
8.970697395966550403e+01,1.064941398956114949e+00
1.279642382069781803e+02,1.085360323719759323e+00
7.167603843325565549e+01,1.228615474290718268e+00
7.206343643312985137e+01,1.109722089319377103e+00
1.895274854235076702e+02,1.305393381717701251e+00
9.670460523736718983e+01,1.360259236111769576e+00
7.755485579784297556e+01,1.410264014599087234e+00
1.167418677649472443e+02,1.140067609910164537e+00
1.708685649980351400e+02,1.125367162016581490e+00
8.387882406234425048e+01,1.097055528150480130e+00
1.339839504118417892e+02,1.336393612294636490e+00
7.490100146008656168e+01,1.367914076919105604e+00
7.288801658127275118e+01,1.064213765171538872e+00
1.181179193730473855e+02,1.471295510809660367e+00
1.195532656336144726e+02,1.073387077643162657e+00
1.369049240690136173e+02,1.293583350885481709e+00
1.578959320504546326e+02,1.369077233752912459e+00
2.779468189902552808e+02,1.441936105685738490e+00
1.158614809384733348e+02,1.371339119459592526e+00
9.303561472538333987e+01,1.410777637381406269e+00
1.793229147877738114e+02,1.202752586644262767e+00
8.834346578817398665e+01,1.416671301185930432e+00
1.055082473456790240e+02,1.086051680873103775e+00
7.447996167809327517e+01,1.452667495227237371e+00
7.138745589268697245e+01,1.296416569269181363e+00
2.672066289186288373e+02,1.417783996483122255e+00
1.949415955441337189e+02,1.253543228033235035e+00
1.500793999369971345e+02,1.339609962838436363e+00
1.019710405933093682e+02,1.286881197421251066e+00
8.072504734783643698e+01,1.379215284789899298e+00
7.953958543223197353e+01,1.086733491913765448e+00
8.661789297015018008e+01,1.077158437795753709e+00
1.209135069915471945e+02,1.161196455304565944e+00
1.548182333990513371e+02,1.121795106050934798e+00
1.417438238465801987e+02,1.442302604966490875e+00
8.912837401834921991e+01,1.148646294311119975e+00
2.612558166971588207e+02,1.489139365118609115e+00
1.611866912248747781e+02,1.201603106296998069e+00
1.217401411091698549e+02,1.131953062059914750e+00
1.318232429571150135e+02,1.405364328214115499e+00
1.031981674058916667e+02,1.346418498975394229e+00
8.641197514996524376e+01,1.274188072403912519e+00
9.627450494982302587e+01,1.299913597921934061e+00
1.670705602855627490e+02,1.373640800222518665e+00
7.078106966644185150e+01,1.152804633599084472e+00
7.683771312746718252e+01,1.498350262225533802e+00
7.255906327000002420e+01,1.488656922966052454e+00
7.225623080113693675e+01,1.342646558856121608e+00
2.034015210675975425e+02,1.139794102918115337e+00
1.519991224868134054e+02,1.356102709094081149e+00
1.099821822365841939e+02,1.082489284040629274e+00
7.567618207879604597e+01,1.063793625992612846e+00
1.123425106114024032e+02,1.165957299830046257e+00
1.098892515231022031e+02,1.258180330532692404e+00
8.071844957540079690e+01,1.440722627433771219e+00
1.048877068668926853e+02,1.377226081394838708e+00
1.007948823187309699e+02,1.384217934539991424e+00
1.326138694556156281e+02,1.241472000501633977e+00
1.364270126460799304e+02,1.205670746646133384e+00
7.251880088917407363e+01,1.216967443343071276e+00
9.820467881673586419e+01,1.494442303681225992e+00
1.345703385870646969e+02,1.068049136135617250e+00
1.139578502469688885e+02,1.440164173255101820e+00
2.038689738818707724e+02,1.310403933857577030e+00
1.414136988629298912e+02,1.247376938635315735e+00
7.999235676192097344e+01,1.376365947186811489e+00
7.400380619461385834e+01,1.269001023641116221e+00
1.379368636062377220e+02,1.443040457136747223e+00
7.145229199145366294e+01,1.455315838805066431e+00
1.270635603936875810e+02,1.239774417093054915e+00
2.507551177756011498e+02,1.174572508755773237e+00
1.252677306281839265e+02,1.316557647867012903e+00
9.965788067798031591e+01,1.460563505527511019e+00
1.381181768939264884e+02,1.144797985052550038e+00
1.079126513880282943e+02,1.330334962603567206e+00
1.203382271201880798e+02,1.334202099041634337e+00
2.516082138613278403e+02,1.379900860086876513e+00
9.943351622293592129e+01,1.109205458307267023e+00
2.660714426498103080e+02,1.372121234106939980e+00
2.288345669029437488e+02,1.459064634299538366e+00
8.236326436242735838e+01,1.130857398991608864e+00
7.393145266133890914e+01,1.156894496215745027e+00
7.586128029432973108e+01,1.487127792318737818e+00
7.099175959056628926e+01,1.131439628719270507e+00
7.546407196329954559e+01,1.434473292016310575e+00
1.469472320131588390e+02,1.271525035401615655e+00
7.404100742436709481e+01,1.161253983481429719e+00
9.265975660353362287e+01,1.441837455572630100e+00
1.987155810674279337e+02,1.250387364751199382e+00
7.127161514300398437e+01,1.281667809268360658e+00
1.863812978398340192e+02,1.211655016229894688e+00
8.929581253270313823e+01,1.316827883145717415e+00
7.697323932666186863e+01,1.123585742663260278e+00
1.502678503327648514e+02,1.225986691493292424e+00
1.351845938710136181e+02,1.486235545050879292e+00
2.138897195382186283e+02,1.166160044715507382e+00
1.603865653187419298e+02,1.345531499043581380e+00
1.822926382429364764e+02,1.196335528901112610e+00
8.931151729873296574e+01,1.398062906558970253e+00
8.102198666882658529e+01,1.108893147323257500e+00
1.648887379852090760e+02,1.486419470285345046e+00
1.835214997252469686e+02,1.254205293622637774e+00
2.909239324533214130e+02,1.156222708505908914e+00
1.023901097327532739e+02,1.083073536298505779e+00
9.793139045127762188e+01,1.126391057289393371e+00
1.729462360218007007e+02,1.283898276850207854e+00
9.475884935279739807e+01,1.201651429394078985e+00
2.443968669116252386e+02,1.422997514647174278e+00
2.047480745507354811e+02,1.243899385647812661e+00
1.043056509955621181e+02,1.161921422664433434e+00
1.649650982767130074e+02,1.327715243971813619e+00
1.660667978590874441e+02,1.368049747598450550e+00
7.600942961130667186e+01,1.125168858555427587e+00
2.272411705970607727e+02,1.125428647329743015e+00
1.142596261939481934e+02,1.066502142120094421e+00
1.910571032026218461e+02,1.381380906779538176e+00
9.276085794105782156e+01,1.348712037429812272e+00
2.233337924482835888e+02,1.263583894087416226e+00
9.977023679791406607e+01,1.429876702036138703e+00
7.058649372731186133e+01,1.412551568827523862e+00
2.288525393893644946e+02,1.313409463978538527e+00
7.526772073997459245e+01,1.440722076230966486e+00
9.269155212312462311e+01,1.142628544516545830e+00
2.577137796989244407e+02,1.100363828728977644e+00
2.581109643528588435e+02,1.171387325182645434e+00
1.249187390726450815e+02,1.075689085240191689e+00
1.357664041824835977e+02,1.289026287600464338e+00
1.066761327639772361e+02,1.471472561532732648e+00
9.029868644391557098e+01,1.067704593300829341e+00
9.357990408422944029e+01,1.104949461304512104e+00
1.445079196376289303e+02,1.253489562727545970e+00
1.654144292492860870e+02,1.470243757887557123e+00
1.780614401010620611e+02,1.192270247239537673e+00
1.773831018294308421e+02,1.278255663909776629e+00
7.526272165251953083e+01,1.068707786572676399e+00
1.127315042585838825e+02,1.116754440432940143e+00
7.323159170288865027e+01,1.493983555331481083e+00
1.209619188555079603e+02,1.484303413396220517e+00
1.058211804641223495e+02,1.052222991420484366e+00
2.191425437254644066e+02,1.478315303440457473e+00
9.576379848683161811e+01,1.337603972016975229e+00
7.690206653999874220e+01,1.440563232534009863e+00
7.861873232868042294e+01,1.254632935035236541e+00
1.681984005022697488e+02,1.282018212860662754e+00
1.330715453260418712e+02,1.269980961115614093e+00
7.588301144536923459e+01,1.350088915895746977e+00
7.482484716682046155e+01,1.112843064640340884e+00
1.513217961439679300e+02,1.063488115442705162e+00
7.413565542862090751e+01,1.188568473716036022e+00
1.892366068310652736e+02,1.367106343231490939e+00
1.526558988736412061e+02,1.140834053455326735e+00
7.465610718678912860e+01,1.353044594996212879e+00
7.486969310669795163e+01,1.486460420748271671e+00
2.873842543273441947e+02,1.092255322105238236e+00
9.816858695414640579e+01,1.352670953201306814e+00
9.778707560385825559e+01,1.249687598687057033e+00
1.857484920066935388e+02,1.440664014469877463e+00
2.556833937838942745e+02,1.129717405251323692e+00
2.868078417909120503e+02,1.361681678501774018e+00
1.657157510328007106e+02,1.427151880341649637e+00
9.837895130681135925e+01,1.475076398763310426e+00
7.478770037948119409e+01,1.357461612730340494e+00
1.731870072046351368e+02,1.273728643803792249e+00
1.224011449669024643e+02,1.328031258090546229e+00
1.037401086061851316e+02,1.441007243015423267e+00
2.294116897968467867e+02,1.306774385987473419e+00
7.652375771586800113e+01,1.063674176863576681e+00
1.124821880359071429e+02,1.468926912978139931e+00
7.061466257559509074e+01,1.360287037964202472e+00
1.092566088891278611e+02,1.354431023599760975e+00
7.315792356646986150e+01,1.147053818578972706e+00
7.701564259988656147e+01,1.346498461604695773e+00
7.693182312979287474e+01,1.227238982544371249e+00
1.393666894130514038e+02,1.343054839668671452e+00
1.635390755966639347e+02,1.097966863638595969e+00
1.266393890839765675e+02,1.346030387071366352e+00
2.668350222820840827e+02,1.499736176596800030e+00
9.823193430897346445e+01,1.071695417487250168e+00
8.963395280393066855e+01,1.489728382899592862e+00
2.095344134512251060e+02,1.233108582325291858e+00
8.448223910426450800e+01,1.441839052651766595e+00
2.676563462172914569e+02,1.402073467826222997e+00
7.065842563527139930e+01,1.305157317444000542e+00
2.729829909364476634e+02,1.382302144163096935e+00
7.239551442150406046e+01,1.445332002585606457e+00
2.209663759598083743e+02,1.231863144742964877e+00
1.175622658635531934e+02,1.197164922703457535e+00
2.932219775611114301e+02,1.350417023503613034e+00
7.419792307213937477e+01,1.413530673873566457e+00
1.216590720034899675e+02,1.393028310649476964e+00
2.725134494461614167e+02,1.409016141986385584e+00
1.168695679225111377e+02,1.246012491665819955e+00
1.352758836604772625e+02,1.418025397278759758e+00
1.500237878430209264e+02,1.104094074916773804e+00
1.074413054614347516e+02,1.295020094082382389e+00
1.349079952309097905e+02,1.052591397224154735e+00
1.268056917213287562e+02,1.196063623455121627e+00
2.264549953751364626e+02,1.214907690692129005e+00
7.252700212129646218e+01,1.228277711224164959e+00
8.921801693136661981e+01,1.362960243010437944e+00
2.579682756155192465e+02,1.224851145571655531e+00
2.204971419373380286e+02,1.251912130180138805e+00
1.075825476411938268e+02,1.156894858893447342e+00
1.334438990124309612e+02,1.217963306233203147e+00
8.890682909617979135e+01,1.152271332268418158e+00
8.179731821276752157e+01,1.082938165695799704e+00
1.086116822652564764e+02,1.321551867021620197e+00
9.600922234788265541e+01,1.350695759349757274e+00
1.266898814326834923e+02,1.328770655704326620e+00
7.443613735430645306e+01,1.258572319710257625e+00
2.767192379784392529e+02,1.220903601080653544e+00
2.869968736897361055e+02,1.438500142307321372e+00
1.506209825802863520e+02,1.283586803311298041e+00
1.188469565116740370e+02,1.265631844933378991e+00
9.177974766353530356e+01,1.061538929612896087e+00
1.861254214400678393e+02,1.203561522431770392e+00
1.473561875806051376e+02,1.221088028453635621e+00
7.997011282284248068e+01,1.229470251403605330e+00
2.320781834332838969e+02,1.311077566152299534e+00
1.895025784335019523e+02,1.290121146027095378e+00
2.575232980679563752e+02,1.323557291757050169e+00
1.577944684581557908e+02,1.394197467693957693e+00
1.321465275219536295e+02,1.415843582422242175e+00
1.030401244609820424e+02,1.373155384301922410e+00
2.456932062648337194e+02,1.479985663179720579e+00
2.083223686845229281e+02,1.058204662204362823e+00
7.251388580146706886e+01,1.138100093557595782e+00
7.144422212000419847e+01,1.053403293740164059e+00
9.840055722447486630e+01,1.341363621369571435e+00
1.849035351632839195e+02,1.454113747027494075e+00
2.879612048493204384e+02,1.159567033459334651e+00
7.912462094397199053e+01,1.467165545158338080e+00
1.285583611631371639e+02,1.077120325630302355e+00
9.887233606551254184e+01,1.470496212062481378e+00
2.730120260338665048e+02,1.208230209257835419e+00
1.975305898076152857e+02,1.095639372802147404e+00
1.959240375299000902e+02,1.268642291633846675e+00
1.092608603877337572e+02,1.165549455474228502e+00
1.026435532049686543e+02,1.178192805882865235e+00
8.856410754739529523e+01,1.188280484216829080e+00
7.316215726301260247e+01,1.411361654024698487e+00
2.076866747841791323e+02,1.292622574503864641e+00
1.857868332355040764e+02,1.190088464620201680e+00
2.997219644431711458e+02,1.324650202489913386e+00
2.967211152222269561e+02,1.372267803400437192e+00
1.219153191241761647e+02,1.172680800330090145e+00
1.705474405018012192e+02,1.236097095686408132e+00
2.539179475002378581e+02,1.104848742001626416e+00
2.008011004956479724e+02,1.131517207290606120e+00
8.638067326155028525e+01,1.356503034284242348e+00
1.069383381828796189e+02,1.131647256463032214e+00
7.769336982604158948e+01,1.286323522650177020e+00
2.606485361313777389e+02,1.369070817775094762e+00
1.307760723555244056e+02,1.098094615392634754e+00
8.487861084497014019e+01,1.305290498833006740e+00
1.443211259652082674e+02,1.165453252665613615e+00
1.330541268978614653e+02,1.483317093856910907e+00
9.649734185085578986e+01,1.267595541023966099e+00
7.667542546769506373e+01,1.412696647398821170e+00
1.442920487421944244e+02,1.297601943970317695e+00
1.164536672211220463e+02,1.069535639784668701e+00
1.716152188786524562e+02,1.334918119017310056e+00
1.164322531300304320e+02,1.478131503992995643e+00
2.019264651584200863e+02,1.320725319065849002e+00
1.213441975724940392e+02,1.418634986742055570e+00
1.228183178728002503e+02,1.447892908506783538e+00
2.134804325720031386e+02,1.152635897377019658e+00
1.013518694730901615e+02,1.145420177958702102e+00
7.801572647851686781e+01,1.324941444982946415e+00
7.157952523420016178e+01,1.234962811413017114e+00
1.662465231821212512e+02,1.427937586290024097e+00
1.334784195543152236e+02,1.455010405529105100e+00
1.521059576819142478e+02,1.209039620686223060e+00
8.365925823288489482e+01,1.156591751538516899e+00
7.817311351123316854e+01,1.401236481859737815e+00
7.078936587224745836e+01,1.173662715996661277e+00
9.573091997891738458e+01,1.420176443331155225e+00
1.278002463952545469e+02,1.240682214141943351e+00
1.001030252580060846e+02,1.350397454681161680e+00
1.053261065124114850e+02,1.092990891225600780e+00
2.281529922179339565e+02,1.330736696104457994e+00
9.549741398990508401e+01,1.253295455431753247e+00
1.155227237572661636e+02,1.313973808428963386e+00
1.753509838889987691e+02,1.125606393485188539e+00
1.005770439954214623e+02,1.381593185224881948e+00
1.338261031817095272e+02,1.438258684894452966e+00
2.065783457911150833e+02,1.147532910040849119e+00
2.573205977472254631e+02,1.093071549984072854e+00
7.889602686528733955e+01,1.060637363720851489e+00
2.416992250703051752e+02,1.338887175199469759e+00
1.124117251247533886e+02,1.323192316239951261e+00
8.728042039432678223e+01,1.296013835721331553e+00
1.080253714815403754e+02,1.154376193252188987e+00
2.815296153987416119e+02,1.225907698157481684e+00
1.124812166120138386e+02,1.317514350833777881e+00
9.358825541493924050e+01,1.273545086486626232e+00
1.360828078338128364e+02,1.494503484096699308e+00
8.579605191478077586e+01,1.111397888650530019e+00
7.432275130565002996e+01,1.362815049321417282e+00
7.767488330963024623e+01,1.231943445646931590e+00
7.761981942147285451e+01,1.242689826716526724e+00
7.922663322123210605e+01,1.372918994546179272e+00
7.833782057554884659e+01,1.361596268095966344e+00
1.376157532260749008e+02,1.496065197165984628e+00
8.134251385148593272e+01,1.107777430254356377e+00
9.523959625062489920e+01,1.096849342222874890e+00
2.240270846436546037e+02,1.375952467707933558e+00
1.099540784574535479e+02,1.310274112652884071e+00
1.433821750823560990e+02,1.173372299951912723e+00
8.065555928372457117e+01,1.085738716045044017e+00
8.210388446052620282e+01,1.088546212318393769e+00
7.226422652341069863e+01,1.452385893598853173e+00
8.041511492582847609e+01,1.136340296123434346e+00
8.901163187043985658e+01,1.195517202951984270e+00
8.099115006647078019e+01,1.151995381002144603e+00
7.510772130832128823e+01,1.209748337624371839e+00
7.713392387520441673e+01,1.081240729235741993e+00
1.082357715166660910e+02,1.283576905908721644e+00
8.315407533233577908e+01,1.080425653616496673e+00
9.712422928912141629e+01,1.410160428520062847e+00
1.139978331824637507e+02,1.155170436859694894e+00
1.487155339320479470e+02,1.293005361572029832e+00
7.217531396054397419e+01,1.446035589402656196e+00
1.808230939353917393e+02,1.342894816071237507e+00
1.349762640620527350e+02,1.289831003948100907e+00
7.468115875416295069e+01,1.195950188901919065e+00
2.119565359045516857e+02,1.199850860876189085e+00
2.380969985075549857e+02,1.351269129839185457e+00
7.343888105548464296e+01,1.497362712549525465e+00
8.886325830805837711e+01,1.347827635432220283e+00
1.832881277715804060e+02,1.301002537816511317e+00
1.641904258766681721e+02,1.378792729607660750e+00
8.153434734488723734e+01,1.259342525527673118e+00
8.338308006519000060e+01,1.077064054170353335e+00
9.776927009504116484e+01,1.303033567145059468e+00
1.113705553570518276e+02,1.480931378027421141e+00
1.330786650873269252e+02,1.128886324060946800e+00
9.760638336945116578e+01,1.360502200869299516e+00
1.084615418154950675e+02,1.140420159896575525e+00
1.639578689675485066e+02,1.291122458012886609e+00
7.202563371680058424e+01,1.093504402341023862e+00
8.679855813907224160e+01,1.252666921316183402e+00
1.544917423016643738e+02,1.390273498002860819e+00
2.231610872897357183e+02,1.206407185907542035e+00
1.151857691070162133e+02,1.349210276019248145e+00
1.182339906419352786e+02,1.407952482355378176e+00
7.626644867142475448e+01,1.467230018765753652e+00
1.065475198150383562e+02,1.155588936834954117e+00
1.183111730985920218e+02,1.229692162114188747e+00
8.598389465106473040e+01,1.118587205998687883e+00
8.820784706684807475e+01,1.496617575971268987e+00
9.848767832444626436e+01,1.467150435565932831e+00
7.109398848618036482e+01,1.292980708626251918e+00
9.295252052453705005e+01,1.428914982469389638e+00
8.354319968876640701e+01,1.284431089772418932e+00
9.346808980981120385e+01,1.330613559601241835e+00
7.707703061746836681e+01,1.090105994452207572e+00
2.206375416897489572e+02,1.389871689223563633e+00
1.284610026945094603e+02,1.107471067635855677e+00
1.460295944749403532e+02,1.421730433613637823e+00
1.772292259490522781e+02,1.401912639451673659e+00
1.132940939351424845e+02,1.368935113984339313e+00
7.499776781468038678e+01,1.066272171236142929e+00
1.190034343800318766e+02,1.186407760175397952e+00
1.272522567380352143e+02,1.168400656459879228e+00
1.633619313708056495e+02,1.212061383362183609e+00
1.046242397583467323e+02,1.089439236043727277e+00
7.758911256380589805e+01,1.471631020363978193e+00
8.946390353391321071e+01,1.299211008320569238e+00
9.700169075172688338e+01,1.187485939796110612e+00
1.386696638036821412e+02,1.228641682683427661e+00
1.244658415600321604e+02,1.251241143227176167e+00
9.628709927979843997e+01,1.320267450012277743e+00
2.872718353903529760e+02,1.282055742463424020e+00
1.307012251353239378e+02,1.463726387946487684e+00
8.556137953144137498e+01,1.273633567307623560e+00
7.592464522854427855e+01,1.496471106670490769e+00
7.929244018166205876e+01,1.433141230985293113e+00
8.626719772255077601e+01,1.143829731460801247e+00
7.983476965715139784e+01,1.468767846589762449e+00
8.168358917938802222e+01,1.102364879048464363e+00
8.957970054217119582e+01,1.417852368821036269e+00
8.073070574042341718e+01,1.221280482064461159e+00
2.240144508175692124e+02,1.445088444200281153e+00
7.458810358129657914e+01,1.440625510548352750e+00
1.170814077807346507e+02,1.412666430052929467e+00
1.021357411293073056e+02,1.405513696338177576e+00
2.835809922914407366e+02,1.187105612594118398e+00
7.657776101011309322e+01,1.086413677373063491e+00
1.007227035184888422e+02,1.231341080444322778e+00
2.726500796590278810e+02,1.128086031743928963e+00
2.080580670524331595e+02,1.362727990006107781e+00
1.873771614191834942e+02,1.205744876942003607e+00
8.725193193113145185e+01,1.489024590386961666e+00
8.055363982688722047e+01,1.338437434805399340e+00
1.436270037073538219e+02,1.420116253635462567e+00
2.434965478113494726e+02,1.109636102733831731e+00
1.221324076861351529e+02,1.437906517022680131e+00
1.246075740923621140e+02,1.465240735731027533e+00
8.913230649845398545e+01,1.269177863468521128e+00
1.707086333863043137e+02,1.322813821987939953e+00
8.171844143626310597e+01,1.394164410406347976e+00
9.310418298971696061e+01,1.128677382267185614e+00
1.038834507410991819e+02,1.276154734408549096e+00
1.145977864147775875e+02,1.229398362497540864e+00
8.597897407595841912e+01,1.115868296473012222e+00
7.675788430929708284e+01,1.215390490031189152e+00
1.316140854937522704e+02,1.080677539223472206e+00
8.989149861574446732e+01,1.061615358127269149e+00
1.262662634227752392e+02,1.110824830119670370e+00
7.939611301711326519e+01,1.483401800215128130e+00
1.109128900743158539e+02,1.297288291152757678e+00
1.183069061391456955e+02,1.484619972518949060e+00
7.289626924496610627e+01,1.244624045248559518e+00
9.434766888900898607e+01,1.190317259888366896e+00
7.804236326885893504e+01,1.277763838278109798e+00
7.357481464080704825e+01,1.247780259884809562e+00
2.904196910329764592e+02,1.097549107917784816e+00
9.297852082827751019e+01,1.338371841610592750e+00
1.846496727148159778e+02,1.147217182129319779e+00
8.698077932629023223e+01,1.328814579704023391e+00
1.465923826964306045e+02,1.342590491579169099e+00
1.678018699886941647e+02,1.118411183907891626e+00
1.288319138230914689e+02,1.077607332199800760e+00
1.096391179893568903e+02,1.401342713730797884e+00
1.023009980142954163e+02,1.256910190696194141e+00
9.555866152664260937e+01,1.076173707977464256e+00
2.435960432337096506e+02,1.497689842726395160e+00
1.927356356494011038e+02,1.076001252448365086e+00
2.690796342835337782e+02,1.362765852986348891e+00
7.737324791395154477e+01,1.492655516368535995e+00
1.592109436451553677e+02,1.157631046897166449e+00
2.494604084316968056e+02,1.114012215909238268e+00
8.129565302167804930e+01,1.104623222740092947e+00
7.376033675676507073e+01,1.186473816405418047e+00
1.621092723993532729e+02,1.095470614954791033e+00
1.250959188083493530e+02,1.361472603762359235e+00
1.974066753760934034e+02,1.078031309158528295e+00
7.840140187428082186e+01,1.279239957667405392e+00
1.793514881721877714e+02,1.498513584233839513e+00
8.279917470115518086e+01,1.416286621277708546e+00
8.004295390289658485e+01,1.326848747203954959e+00
8.008577064737002615e+01,1.187814129353975234e+00
1.864217261717327005e+02,1.330753126331237324e+00
1.428526345058632501e+02,1.287168658760243334e+00
1.168647184066584401e+02,1.241737522750667289e+00
9.656549253394449295e+01,1.108819669533089858e+00
2.137537822991216103e+02,1.448971896858210151e+00
1.001250966329192806e+02,1.252403091969595206e+00
1.871955916854446400e+02,1.137580130319344240e+00
1.055281838465161428e+02,1.215491707894780449e+00
9.845159954633935229e+01,1.236358388638017169e+00
1.084802361995504896e+02,1.422392053005093526e+00
9.103398127834788056e+01,1.380126471252630882e+00
1.639986397503634237e+02,1.396187202138603034e+00
1.138987311640815250e+02,1.054964068992891191e+00
8.516123125824964291e+01,1.237269299180892679e+00
2.255691234331790440e+02,1.266604868235895687e+00
9.919462510074757233e+01,1.058636524570375492e+00
1.200117666779394767e+02,1.166915943935265432e+00
2.294795695133000777e+02,1.392130420404960711e+00
1.342494164550842868e+02,1.111699367578049547e+00
7.689112327135295288e+01,1.290889559153666211e+00
2.504812473276905678e+02,1.146840842407756966e+00
1.349378967470039754e+02,1.055454348589752067e+00
9.418235223264973399e+01,1.158540655919793716e+00
7.836773493722581918e+01,1.489143189709524195e+00
1.789149476018425560e+02,1.410691700347345368e+00
1.334322289498951761e+02,1.481809489944465152e+00
1.184406784888106330e+02,1.269534319766863151e+00
2.224465380213918877e+02,1.099381289404876672e+00
1.770319708691806397e+02,1.296581770038161885e+00
7.921097490391694862e+01,1.254469800551982317e+00
9.198265012107658833e+01,1.429960687232827210e+00
8.647402253081770596e+01,1.094137161352910059e+00
1.629266559167265882e+02,1.269708511659800143e+00
7.184705854798379221e+01,1.117521899112293049e+00
1.243152505260059684e+02,1.196104167100527027e+00
1.684926694927742687e+02,1.381810684824509750e+00
2.135363682247377710e+02,1.264208158215945010e+00
9.488472052920563726e+01,1.219149728315596315e+00
1.890004953081296151e+02,1.227514325356515945e+00
7.648749033155553434e+01,1.256751045782694032e+00
1.993999525573245251e+02,1.403257444726675685e+00
7.758307080242680343e+01,1.451438110023105521e+00
1.006595968515824495e+02,1.479900608926767669e+00
1.800688389732558790e+02,1.404106523814882879e+00
7.909038771491513842e+01,1.191933103086605827e+00
8.492665886122682650e+01,1.359660617738943866e+00
1.568546498520036039e+02,1.246921405824926499e+00
1.562597701951447959e+02,1.164601779920723112e+00
1.376723782080142655e+02,1.428392210741665114e+00
1.495813242532891820e+02,1.067291857033046298e+00
1.198812298772774909e+02,1.455792896460940566e+00
8.674595484132314027e+01,1.257664859081130349e+00
9.524244853324087501e+01,1.336740664563726089e+00
8.132205650301743560e+01,1.346709264992602240e+00
2.306263668756993468e+02,1.452802983317941443e+00
1.266434343559228495e+02,1.336501356975243304e+00
1.010566803408442240e+02,1.326270113142027807e+00
1.083934380494289940e+02,1.079993418252310544e+00
2.557082859945623454e+02,1.283283609875341735e+00
7.932635237077293766e+01,1.117576050367668827e+00
1.271439353699952477e+02,1.381845195924668479e+00
1.143506817424336219e+02,1.280499864365703511e+00
1.317725391861838204e+02,1.356102500643759035e+00
7.098559770434439997e+01,1.068752805271072859e+00
2.112431640286124548e+02,1.088156407220611577e+00
2.452904381049959284e+02,1.372345524628207025e+00
1.235153398985399207e+02,1.082437951199403114e+00
1.502465003020132315e+02,1.082065527494366464e+00
2.391114826922709824e+02,1.055448813855699441e+00
1.529106385967549500e+02,1.480425629234765950e+00
7.927040421986203000e+01,1.381878761756553109e+00
1.254078163940822890e+02,1.208963133825928793e+00
1.308773762964714535e+02,1.183441011579444924e+00
1.037293437531711362e+02,1.207366453385632310e+00
1.607743802989018036e+02,1.398594089031531817e+00
2.467813060381255923e+02,1.347616774981686527e+00
2.410489291495565851e+02,1.133338005540360571e+00
1.069753290962031684e+02,1.128349200900337967e+00
7.665485527892687401e+01,1.094278042371028770e+00
2.857666792322093556e+02,1.347136223865602167e+00
1.961637101709528110e+02,1.393967697999781263e+00
7.739721757290506332e+01,1.169270892746251844e+00
2.380780516725636744e+02,1.059425232463910849e+00
2.101600647865904250e+02,1.086977250364392411e+00
1.162357890811076260e+02,1.485537015680263639e+00
1.280435886492429631e+02,1.182950149864839151e+00
1.008503228056493128e+02,1.396150416527160099e+00
7.306766732587888669e+01,1.331098605984418759e+00
9.421069263322530674e+01,1.221872837843803072e+00
1.820645493240842256e+02,1.142559267987999894e+00
7.024947116096706168e+01,1.104623888171732959e+00
9.404591273076269431e+01,1.326755835617489998e+00
1.007575042857088192e+02,1.398585201287004587e+00
1.190482862820318672e+02,1.339756914093508833e+00
2.374673544191044812e+02,1.288635959962121325e+00
9.530707019846083483e+01,1.068878050544236347e+00
9.536751671575882483e+01,1.485819949917472682e+00
1.610741801633635930e+02,1.409421386244558594e+00
1.071483929999271396e+02,1.181769916515434282e+00
8.456118498566331709e+01,1.490986648211482857e+00
1.071762615286483822e+02,1.320846715336345012e+00
7.847449019641645407e+01,1.312090196193260949e+00
8.094638095771576047e+01,1.386632930743289416e+00
1.132836320785764315e+02,1.415296404640561834e+00
1.031195396015485954e+02,1.345415373299176265e+00
2.344130849203550326e+02,1.107643085864790100e+00
9.693080012921218724e+01,1.202220377697524212e+00
1.261528876344454630e+02,1.467637638146722434e+00
1.358526769976348874e+02,1.151077025329733328e+00
7.070986220275209178e+01,1.217475160726881001e+00
1.424826128321529097e+02,1.244434597324888259e+00
8.106489075729358262e+01,1.247732245362503489e+00
2.659782407353208669e+02,1.325822812122536387e+00
7.900452117771601479e+01,1.474384126985118559e+00
1.026210132245642939e+02,1.158311720324627370e+00
7.490113682802163453e+01,1.104675619335413250e+00
2.969502275162001865e+02,1.138861720436971758e+00
1.138241318022033965e+02,1.449116205094171272e+00
1.287858075163224498e+02,1.340614865694842672e+00
7.379492616727034715e+01,1.178658055157622009e+00
1.646941382939981224e+02,1.417176122535877880e+00
8.342546100083369254e+01,1.437616498363546214e+00
2.247250807378338493e+02,1.430931452410625138e+00
8.306374444968092519e+01,1.463516940137799427e+00
8.198582977108907244e+01,1.163508459078012702e+00
7.201804737823621849e+01,1.389768867935825103e+00
1.097037669769742365e+02,1.257242773773362909e+00
1.234665604950448881e+02,1.428899348800527713e+00
7.371343391160803549e+01,1.377820804722726056e+00
1.726566916401919514e+02,1.399401350924876164e+00
1.072832186197132529e+02,1.345272826956482204e+00
1.170632261137962331e+02,1.129842946261368164e+00
1.057271020894541635e+02,1.295262113503622192e+00
1.010467986417437771e+02,1.493101382786028664e+00
1.226043090290296647e+02,1.471824629923703442e+00
7.945674487124374252e+01,1.069428181108655229e+00
8.134599578454093205e+01,1.124166667078246640e+00
2.063085070966143917e+02,1.109277948054552931e+00
2.548746484501985208e+02,1.376690959493382937e+00
9.806720867538976449e+01,1.418003398435625284e+00
8.833598036739593340e+01,1.146080114839802322e+00
1.382669572976109578e+02,1.277633711828323193e+00
1.019461319258499117e+02,1.428316362605039913e+00
7.138944365199006370e+01,1.379760695144812699e+00
7.951988088977819302e+01,1.294006742471331739e+00
1.551803784087124711e+02,1.315656460706447817e+00
1.414641603208401932e+02,1.278762246112326029e+00
7.148500039332289191e+01,1.183896803093469341e+00
8.435550691861787698e+01,1.304259896786557293e+00
8.507094217090060795e+01,1.359998385922540853e+00
1.443649523170468285e+02,1.442995312137363539e+00
7.107402895380403152e+01,1.336331109290661567e+00
7.607179008246004059e+01,1.392504691669421035e+00
1.810043668086627235e+02,1.122032235729557792e+00
8.110152000198249311e+01,1.257700863488905529e+00
1.401229390146368416e+02,1.054199228922191978e+00
8.563809913937079443e+01,1.161005489034730331e+00
7.577712700390364375e+01,1.376907771800852220e+00
8.604075028405470960e+01,1.496314478107213519e+00
1.568585204066258143e+02,1.094630144814247252e+00
2.035084619759929865e+02,1.230672442137579647e+00
1.925732191229186867e+02,1.410031935914621837e+00
1.006480834635197681e+02,1.141816035583004485e+00
1.435010245461617728e+02,1.299788227186028822e+00
8.305200716486183410e+01,1.379882083213353594e+00
9.029305693598655580e+01,1.327193452617080549e+00
2.237785803677704166e+02,1.134611130576937299e+00
7.070479539520418655e+01,1.209923055908582734e+00
7.491089939684873400e+01,1.402706303018428802e+00
8.327181749537658106e+01,1.299401931359407403e+00
7.145346029496077733e+01,1.052353326094310759e+00
8.131030395435180935e+01,1.392445842012642210e+00
1.265819420149406369e+02,1.065890109723107715e+00
1.034114179116574803e+02,1.385580202229054425e+00
2.217868477112721450e+02,1.141116252074356963e+00
1.875201235878543571e+02,1.481133066053720970e+00
9.485865669244181220e+01,1.215573338085937927e+00
8.737890364874911597e+01,1.197119227352135606e+00
9.874418735522634449e+01,1.116999622649600177e+00
1.278677671173656876e+02,1.187521896970596735e+00
8.810744110971791088e+01,1.444492842822690193e+00
1.342318333328539666e+02,1.498350451932261240e+00
1.020233067891681173e+02,1.215739288728081791e+00
1.213668343958001401e+02,1.251874783929544099e+00
1.051625295839438934e+02,1.374931922191231726e+00
9.041090128320934127e+01,1.448788101209283585e+00
2.565489012042629611e+02,1.316869950384052856e+00
1.688501030716620335e+02,1.226186564180023142e+00
7.842435182714380915e+01,1.235679828381880618e+00
2.094713664476293218e+02,1.363028165923563240e+00
1.117670331521951681e+02,1.051448218621925390e+00
2.228046079702181999e+02,1.328815201856928363e+00
1.809825421230966924e+02,1.209971854698610905e+00
1.038571075897422844e+02,1.407388799074687835e+00
7.122698957866013814e+01,1.091845787920409538e+00
8.815965189857790563e+01,1.314691020126775634e+00
1.197098707277164635e+02,1.266437800448755757e+00
1.360985010708492382e+02,1.339046486657352375e+00
8.725066945124775941e+01,1.079184117517335784e+00
7.837338562117078311e+01,1.310992704342659021e+00
1.945055956779156361e+02,1.302668064581785634e+00
2.853745601590329102e+02,1.302297042487277068e+00
1.172586547565994124e+02,1.321569449968404752e+00
8.060994420031225616e+01,1.354410571751863079e+00
8.846973337222945588e+01,1.412245049856346357e+00
7.100108106929043572e+01,1.171419324057696443e+00
2.340842900641971198e+02,1.421272234581028027e+00
7.694640015621779128e+01,1.274215057018554198e+00
1.254471214440584532e+02,1.084676225610448963e+00
8.861982251213105144e+01,1.076347918159790584e+00
1.217115711099056057e+02,1.200407243413227354e+00
1.398384300448578017e+02,1.403203639700160377e+00
1.923792440902277576e+02,1.368456420633412218e+00
8.316070639361473127e+01,1.404876734102582958e+00
7.059512646798707181e+01,1.282771075398724259e+00
7.820754122702876998e+01,1.248089549079970828e+00
2.258168625595679657e+02,1.116353637017827749e+00
2.121098949642968421e+02,1.197686739124190325e+00
1.291552737998653981e+02,1.245308714778243786e+00
1.297248235467124289e+02,1.089870193355827688e+00
1.428167608308552587e+02,1.149275378720045149e+00
8.087355581586010089e+01,1.319201382328682559e+00
2.341522093020910802e+02,1.381048401407635406e+00
1.031014996690776542e+02,1.499256380126827271e+00
9.911357607920820101e+01,1.469900999104601036e+00
1.162475762103572805e+02,1.339154339790836090e+00
7.261465333693695356e+01,1.239561623982332383e+00
8.022774741619176098e+01,1.336279814118704667e+00
1.612255992672498337e+02,1.403543228136104437e+00
7.474471838978665517e+01,1.103251285915524349e+00
1.302123582073928105e+02,1.234457200363329843e+00
8.621761897501113481e+01,1.427911028536027693e+00
9.978047877949813937e+01,1.222724828369869954e+00
8.989709073839647147e+01,1.307342522052233891e+00
9.624406385286792442e+01,1.314496212387989083e+00
1.559952984354951013e+02,1.133014313910137849e+00
9.064930592798620523e+01,1.213005948743529849e+00
1.237281535818158886e+02,1.200530079933869398e+00
1.102313555407708918e+02,1.061788518839429152e+00
1.425123676627521547e+02,1.060886293751109877e+00
2.484349780726986694e+02,1.424263669654098008e+00
1.596855956188640278e+02,1.172881864487765657e+00
8.381101858256339199e+01,1.283135444807466996e+00
7.171448318483560058e+01,1.184426508114947874e+00
8.761708935677292232e+01,1.473305660301903242e+00
1.287300482086679096e+02,1.166683541489598186e+00
7.287312929910108039e+01,1.243345565732520752e+00
1.130030067665700102e+02,1.442728612718070735e+00
1.290511738748370192e+02,1.428870105056313955e+00
9.411810890208941771e+01,1.133745638030824843e+00
1.711628245323620376e+02,1.411189489408069653e+00
7.622991473999522327e+01,1.256184099032051638e+00
7.427888199065520780e+01,1.267335992438409775e+00
1.584707290029679996e+02,1.110065987587174785e+00
1.128807726843257768e+02,1.086270681190706133e+00
1.482344757012033085e+02,1.377572688138194223e+00
1.050054014142478280e+02,1.273407518559884988e+00
8.630342730538940543e+01,1.246582816176830866e+00
1.881611395533457483e+02,1.378278702893578567e+00
1.808250564204322473e+02,1.394480804545999320e+00
1.497648566552635145e+02,1.121508675451209136e+00
8.845583218465795028e+01,1.324601317264938682e+00
1.278562581048846880e+02,1.110909337024958532e+00
9.678489621676452259e+01,1.388118788713070595e+00
7.528605389645376533e+01,1.345629820320212833e+00
2.359076688399339332e+02,1.480476579487556066e+00
7.820305325465477608e+01,1.081031107360389543e+00
2.578414223159754215e+02,1.075674624518064393e+00
1.063729168263934071e+02,1.176984183611940127e+00
